2024,CECE,CEE,Compact Excavators,CEX,Airman,AIR,6<10T
2024,CECE,CEE,Compact Excavators,CEX,Airman,AIR,>10T
2024,CECE,CEE,GPE Excavators Crawled,GEC,Airman,AIR,6<10T
2024,CECE,CEE,GPE Excavators Crawled,GEC,Airman,AIR,>10T
2024,CECE,CEE,GPE Excavators Wheeled,GEW,Bobcat,BOB,6<11T
2024,CECE,CEE,GPE Excavators Wheeled,GEW,Bobcat,BOB,>11T
2024,CECE,CEE,Wheel Loaders,WLO,Bobcat,BOB,10<12
2024,CECE,CEE,Wheel Loaders,WLO,Bobcat,BOB,>12
2024,CECE,CEE,GPE Excavators Wheeled,GEW,Case,CAS,6<11T
2024,CECE,CEE,GPE Excavators Wheeled,GEW,Case,CAS,<6T
2024,CECE,CEE,GPE Excavators Wheeled,GEW,Caterpillar,CAT,6<11T
2024,CECE,CEE,GPE Excavators Wheeled,GEW,Caterpillar,CAT,<6T
2024,CECE,CEE,Compact Excavators,CEX,Cukurova,CUK,6<10T
2024,CECE,CEE,Compact Excavators,CEX,Cukurova,CUK,<6T
2024,CECE,CEE,GPE Excavators Crawled,GEC,Cukurova,CUK,6<10T
2024,CECE,CEE,GPE Excavators Crawled,GEC,Cukurova,CUK,<6T
2024,CECE,CEE,Wheel Loaders,WLO,Cukurova,CUK,10<12
2024,CECE,CEE,Wheel Loaders,WLO,Cukurova,CUK,7<10
2024,CECE,CEE,Wheel Loaders,WLO,Cukurova,CUK,<7
2024,CECE,CEE,GPE Excavators Wheeled,GEW,Deere,JOH,6<11T
2024,CECE,CEE,GPE Excavators Wheeled,GEW,Deere,JOH,<6T
2024,CECE,CEE,Compact Excavators,CEX,Eurocomach,EUR,>10T
2024,CECE,CEE,GPE Excavators Crawled,GEC,Eurocomach,EUR,>10T
2024,CECE,CEE,Wheel Loaders,WLO,Foton Lovol,FOL,<7
2024,CECE,CEE,Compact Excavators,CEX,Gehl,GEH,>10T
2024,CECE,CEE,Wheel Loaders,WLO,Gehl,GEH,10<12
2024,CECE,CEE,Wheel Loaders,WLO,Gehl,GEH,>12
2024,CECE,CEE,GPE Excavators Crawled,GEC,Gehl,GEH,>10T
2024,CECE,CEE,Compact Excavators,CEX,Gradall,GRA,6<10T
2024,CECE,CEE,Compact Excavators,CEX,Gradall,GRA,<6T
2024,CECE,CEE,GPE Excavators Crawled,GEC,Gradall,GRA,6<10T
2024,CECE,CEE,GPE Excavators Crawled,GEC,Gradall,GRA,<6T
2024,CECE,CEE,GPE Excavators Wheeled,GEW,Gradall,GRA,6<11T
2024,CECE,CEE,GPE Excavators Wheeled,GEW,Gradall,GRA,<6T
2024,CECE,CEE,Compact Excavators,CEX,Hidromek,HID,<6T
2024,CECE,CEE,GPE Excavators Crawled,GEC,Hidromek,HID,<6T
2024,CECE,CEE,GPE Excavators Wheeled,GEW,Hidromek,HID,6<11T
2024,CECE,CEE,GPE Excavators Wheeled,GEW,Hidromek,HID,<6T
2024,CECE,CEE,Wheel Loaders,WLO,Hidromek,HID,10<12
2024,CECE,CEE,Wheel Loaders,WLO,Hidromek,HID,<7
2024,CECE,CEE,Wheel Loaders,WLO,Hidromek,HID,7<10
2024,CECE,CEE,GPE Excavators Wheeled,GEW,Hitachi,HIT,<6T
2024,CECE,CEE,Wheel Loaders,WLO,Hyundai,HYU,7<10
2024,CECE,CEE,GPE Excavators Wheeled,GEW,JCB,JCB,<6T
2024,CECE,CEE,Wheel Loaders,WLO,Kobelco,KOB,10<12
2024,CECE,CEE,Wheel Loaders,WLO,Kobelco,KOB,>12
2024,CECE,CEE,GPE Excavators Wheeled,GEW,Komatsu,KOM,<6T
2024,CECE,CEE,Compact Excavators,CEX,Kubota,KUB,>10T
2024,CECE,CEE,GPE Excavators Crawled,GEC,Kubota,KUB,>10T
2024,CECE,CEE,Wheel Loaders,WLO,Kubota,KUB,10<12
2024,CECE,CEE,Wheel Loaders,WLO,Kubota,KUB,>12
2024,CECE,CEE,Compact Excavators,CEX,Liebherr,LIE,6<10T
2024,CECE,CEE,Compact Excavators,CEX,Liebherr,LIE,<6T
2024,CECE,CEE,GPE Excavators Crawled,GEC,Liebherr,LIE,6<10T
2024,CECE,CEE,GPE Excavators Crawled,GEC,Liebherr,LIE,<6T
2024,CECE,CEE,GPE Excavators Wheeled,GEW,Liebherr,LIE,<6T
2024,CECE,CEE,Compact Excavators,CEX,Linkbelt,LIK,<6T
2024,CECE,CEE,GPE Excavators Crawled,GEC,Linkbelt,LIK,<6T
2024,CECE,CEE,GPE Excavators Wheeled,GEW,Linkbelt,LIK,>11T
2024,CECE,CEE,GPE Excavators Wheeled,GEW,Linkbelt,LIK,6<11T
2024,CECE,CEE,GPE Excavators Wheeled,GEW,Linkbelt,LIK,<6T
2024,CECE,CEE,Wheel Loaders,WLO,Manitou,MTU,10<12
2024,CECE,CEE,Wheel Loaders,WLO,Manitou,MTU,>12
2024,CECE,CEE,GPE Excavators Wheeled,GEW,Mecalac,MEC,<6T
2024,CECE,CEE,Wheel Loaders,WLO,Mecalac,MEC,10<12
2024,CECE,CEE,Compact Excavators,CEX,Messersi,MES,6<10T
2024,CECE,CEE,Compact Excavators,CEX,Messersi,MES,>10T
2024,CECE,CEE,GPE Excavators Crawled,GEC,Messersi,MES,6<10T
2024,CECE,CEE,GPE Excavators Crawled,GEC,Messersi,MES,>10T
2024,CECE,CEE,Wheel Loaders,WLO,Mustang,MUS,7<10
2024,CECE,CEE,Wheel Loaders,WLO,Mustang,MUS,10<12
2024,CECE,CEE,Wheel Loaders,WLO,Mustang,MUS,>12
2024,CECE,CEE,GPE Excavators Wheeled,GEW,New Holland,NEW,6<11T
2024,CECE,CEE,GPE Excavators Wheeled,GEW,New Holland,NEW,>11T
2024,CECE,CEE,GPE Excavators Wheeled,GEW,New Holland,NEW,<6T
2024,CECE,CEE,Wheel Loaders,WLO,Paus,PAU,<7
2024,CECE,CEE,Wheel Loaders,WLO,Paus,PAU,10<12
2024,CECE,CEE,Wheel Loaders,WLO,Paus,PAU,>12
2024,CECE,CEE,GPE Excavators Wheeled,GEW,Sany,SNY,6<11T
2024,CECE,CEE,Wheel Loaders,WLO,Sany,SNY,<7
2024,CECE,CEE,Wheel Loaders,WLO,Sany,SNY,10<12
2024,CECE,CEE,Wheel Loaders,WLO,SDLG,LIN,<7
2024,CECE,CEE,Wheel Loaders,WLO,SDLG,LIN,10<12
2024,CECE,CEE,Compact Excavators,CEX,SEM,SEM,<6T
2024,CECE,CEE,Compact Excavators,CEX,SEM,SEM,6<10T
2024,CECE,CEE,Compact Excavators,CEX,SEM,SEM,>10T
2024,CECE,CEE,GPE Excavators Crawled,GEC,SEM,SEM,<6T
2024,CECE,CEE,GPE Excavators Crawled,GEC,SEM,SEM,6<10T
2024,CECE,CEE,GPE Excavators Crawled,GEC,SEM,SEM,>10T
2024,CECE,CEE,Wheel Loaders,WLO,SEM,SEM,<7
2024,CECE,CEE,Wheel Loaders,WLO,Shantui,SBM,<7
2024,CECE,CEE,Compact Excavators,CEX,Sumitomo,SUM,<6T
2024,CECE,CEE,GPE Excavators Crawled,GEC,Sumitomo,SUM,<6T
2024,CECE,CEE,GPE Excavators Wheeled,GEW,Sumitomo,SUM,6<11T
2024,CECE,CEE,GPE Excavators Wheeled,GEW,Sumitomo,SUM,<6T
2024,CECE,CEE,GPE Excavators Wheeled,GEW,Sunward,SUN,6<11T
2024,CECE,CEE,GPE Excavators Wheeled,GEW,Sunward,SUN,<6T
2024,CECE,CEE,Wheel Loaders,WLO,Takeuchi,TAK,10<12
2024,CECE,CEE,GPE Excavators Wheeled,GEW,Volvo,VCE,6<11T
2024,CECE,CEE,GPE Excavators Wheeled,GEW,Wacker Neuson,WAN,>11T
2024,CECE,CEE,GPE Excavators Wheeled,GEW,XCMG,XCM,6<11T
2024,CECE,CEE,Wheel Loaders,WLO,XCMG,XCM,<7
2024,CECE,CEE,GPE Excavators Wheeled,GEW,Yanmar,YAN,<6T
2024,CECE,CEE,Wheel Loaders,WLO,Yanmar,YAN,10<12
2024,CECE,CEE,Wheel Loaders,WLO,Yanmar,YAN,>12
2024,HARGROVE,HVE,Compact Excavators,CEX,Airman,AIR,6<10T
2024,HARGROVE,HVE,Compact Excavators,CEX,Airman,AIR,>10T
2024,HARGROVE,HVE,GPE Excavators Crawled,GEC,Airman,AIR,6<10T
2024,HARGROVE,HVE,GPE Excavators Crawled,GEC,Airman,AIR,>10T
2024,Hargrove,HVE,Wheel Loaders,WLO,Bell,BEL,10<12
2024,Hargrove,HVE,Wheel Loaders,WLO,Bell,BEL,<7
2024,Hargrove,HVE,Wheel Loaders,WLO,Bell,BEL,>12
2024,Hargrove,HVE,Wheel Loaders,WLO,Bell,BEL,7<10
2024,HARGROVE,HVE,GPE Excavators Wheeled,GEW,Bobcat,BOB,6<11T
2024,HARGROVE,HVE,GPE Excavators Wheeled,GEW,Bobcat,BOB,>11T
2024,Hargrove,HVE,Wheel Loaders,WLO,Bobcat,BOB,>12
2024,Hargrove,HVE,Wheel Loaders,WLO,Bobcat,BOB,10<12
2024,HARGROVE,HVE,GPE Excavators Wheeled,GEW,Case,CAS,6<11T
2024,HARGROVE,HVE,GPE Excavators Wheeled,GEW,Case,CAS,<6T
2024,HARGROVE,HVE,GPE Excavators Wheeled,GEW,Caterpillar,CAT,6<11T
2024,HARGROVE,HVE,GPE Excavators Wheeled,GEW,Caterpillar,CAT,<6T
2024,HARGROVE,HVE,Compact Excavators,CEX,Cukurova,CUK,6<10T
2024,HARGROVE,HVE,Compact Excavators,CEX,Cukurova,CUK,<6T
2024,HARGROVE,HVE,GPE Excavators Crawled,GEC,Cukurova,CUK,6<10T
2024,HARGROVE,HVE,GPE Excavators Crawled,GEC,Cukurova,CUK,<6T
2024,Hargrove,HVE,Wheel Loaders,WLO,Cukurova,CUK,<7
2024,Hargrove,HVE,Wheel Loaders,WLO,Cukurova,CUK,10<12
2024,Hargrove,HVE,Wheel Loaders,WLO,Cukurova,CUK,7<10
2024,HARGROVE,HVE,GPE Excavators Wheeled,GEW,Deere,JOH,6<11T
2024,HARGROVE,HVE,GPE Excavators Wheeled,GEW,Deere,JOH,<6T
2024,HARGROVE,HVE,Compact Excavators,CEX,Eurocomach,EUR,>10T
2024,HARGROVE,HVE,GPE Excavators Crawled,GEC,Eurocomach,EUR,>10T
2024,Hargrove,HVE,Wheel Loaders,WLO,Foton Lovol,FOL,<7
2024,HARGROVE,HVE,Compact Excavators,CEX,Gehl,GEH,<6T
2024,HARGROVE,HVE,Compact Excavators,CEX,Gehl,GEH,6<10T
2024,HARGROVE,HVE,Compact Excavators,CEX,Gehl,GEH,>10T
2024,Hargrove,HVE,Wheel Loaders,WLO,Gehl,GEH,>12
2024,Hargrove,HVE,Wheel Loaders,WLO,Gehl,GEH,10<12
2024,HARGROVE,HVE,GPE Excavators Crawled,GEC,Gehl,GEH,<6T
2024,HARGROVE,HVE,GPE Excavators Crawled,GEC,Gehl,GEH,6<10T
2024,HARGROVE,HVE,GPE Excavators Crawled,GEC,Gehl,GEH,>10T
2024,HARGROVE,HVE,Compact Excavators,CEX,Gradall,GRA,6<10T
2024,HARGROVE,HVE,Compact Excavators,CEX,Gradall,GRA,<6T
2024,HARGROVE,HVE,GPE Excavators Crawled,GEC,Gradall,GRA,6<10T
2024,HARGROVE,HVE,GPE Excavators Crawled,GEC,Gradall,GRA,<6T
2024,HARGROVE,HVE,GPE Excavators Wheeled,GEW,Gradall,GRA,6<11T
2024,HARGROVE,HVE,GPE Excavators Wheeled,GEW,Gradall,GRA,<6T
2024,HARGROVE,HVE,Compact Excavators,CEX,Hidromek,HID,<6T
2024,HARGROVE,HVE,GPE Excavators Crawled,GEC,Hidromek,HID,<6T
2024,HARGROVE,HVE,GPE Excavators Wheeled,GEW,Hidromek,HID,6<11T
2024,HARGROVE,HVE,GPE Excavators Wheeled,GEW,Hidromek,HID,<6T
2024,Hargrove,HVE,Wheel Loaders,WLO,Hidromek,HID,<7
2024,Hargrove,HVE,Wheel Loaders,WLO,Hidromek,HID,10<12
2024,Hargrove,HVE,Wheel Loaders,WLO,Hidromek,HID,7<10
2024,HARGROVE,HVE,GPE Excavators Wheeled,GEW,Hitachi,HIT,<6T
2024,Hargrove,HVE,Wheel Loaders,WLO,Hyundai,HYU,7<10
2024,HARGROVE,HVE,GPE Excavators Wheeled,GEW,JCB,JCB,<6T
2024,HARGROVE,HVE,Compact Excavators,CEX,Kato Imer,,6<10T
2024,HARGROVE,HVE,GPE Excavators Crawled,GEC,Kato Imer,,6<10T
2024,HARGROVE,HVE,Compact Excavators,CEX,Kato Imer,,>10T
2024,HARGROVE,HVE,GPE Excavators Crawled,GEC,Kato Imer,,>10T
2024,Hargrove,HVE,Wheel Loaders,WLO,Kobelco,KOB,>12
2024,Hargrove,HVE,Wheel Loaders,WLO,Kobelco,KOB,10<12
2024,HARGROVE,HVE,GPE Excavators Wheeled,GEW,Kobelco,KOB,<6T
2024,HARGROVE,HVE,GPE Excavators Wheeled,GEW,Kobelco,KOB,6<11T
2024,HARGROVE,HVE,GPE Excavators Wheeled,GEW,Komatsu,KOM,<6T
2024,HARGROVE,HVE,Compact Excavators,CEX,Kubota,KUB,>10T
2024,HARGROVE,HVE,GPE Excavators Crawled,GEC,Kubota,KUB,>10T
2024,Hargrove,HVE,Wheel Loaders,WLO,Kubota,KUB,>12
2024,Hargrove,HVE,Wheel Loaders,WLO,Kubota,KUB,10<12
2024,HARGROVE,HVE,Compact Excavators,CEX,Liebherr,LIE,6<10T
2024,HARGROVE,HVE,Compact Excavators,CEX,Liebherr,LIE,<6T
2024,HARGROVE,HVE,GPE Excavators Crawled,GEC,Liebherr,LIE,6<10T
2024,HARGROVE,HVE,GPE Excavators Crawled,GEC,Liebherr,LIE,<6T
2024,HARGROVE,HVE,GPE Excavators Wheeled,GEW,Liebherr,LIE,<6T
2024,HARGROVE,HVE,Compact Excavators,CEX,Linkbelt,LIK,<6T
2024,HARGROVE,HVE,GPE Excavators Crawled,GEC,Linkbelt,LIK,<6T
2024,HARGROVE,HVE,GPE Excavators Wheeled,GEW,Linkbelt,LIK,>11T
2024,HARGROVE,HVE,GPE Excavators Wheeled,GEW,Linkbelt,LIK,6<11T
2024,HARGROVE,HVE,GPE Excavators Wheeled,GEW,Linkbelt,LIK,<6T
2024,Hargrove,HVE,Wheel Loaders,WLO,Manitou,MTU,>12
2024,Hargrove,HVE,Wheel Loaders,WLO,Manitou,MTU,10<12
2024,HARGROVE,HVE,GPE Excavators Wheeled,GEW,Mecalac,MEC,<6T
2024,HARGROVE,HVE,Wheel Loaders,WLO,Mecalac,MEC,10<12
2024,HARGROVE,HVE,Compact Excavators,CEX,Messersi,MES,6<10T
2024,HARGROVE,HVE,Compact Excavators,CEX,Messersi,MES,>10T
2024,HARGROVE,HVE,GPE Excavators Crawled,GEC,Messersi,MES,6<10T
2024,HARGROVE,HVE,GPE Excavators Crawled,GEC,Messersi,MES,>10T
2024,HARGROVE,HVE,Compact Excavators,CEX,Mustang,MUS,6<10T
2024,HARGROVE,HVE,Compact Excavators,CEX,Mustang,MUS,>10T
2024,HARGROVE,HVE,GPE Excavators Crawled,GEC,Mustang,MUS,6<10T
2024,HARGROVE,HVE,Compact Excavators,CEX,Mustang,MUS,<6T
2024,HARGROVE,HVE,GPE Excavators Crawled,GEC,Mustang,MUS,<6T
2024,HARGROVE,HVE,GPE Excavators Crawled,GEC,Mustang,MUS,>10T
2024,HARGROVE,HVE,Wheel Loaders,WLO,Mustang,MUS,7<10
2024,Hargrove,HVE,Wheel Loaders,WLO,Mustang,MUS,>12
2024,Hargrove,HVE,Wheel Loaders,WLO,Mustang,MUS,10<12
2024,HARGROVE,HVE,GPE Excavators Wheeled,GEW,New Holland,NEW,6<11T
2024,HARGROVE,HVE,GPE Excavators Wheeled,GEW,New Holland,NEW,>11T
2024,HARGROVE,HVE,GPE Excavators Wheeled,GEW,New Holland,NEW,<6T
2024,Hargrove,HVE,Wheel Loaders,WLO,Paus,PAU,<7
2024,Hargrove,HVE,Wheel Loaders,WLO,Paus,PAU,>12
2024,Hargrove,HVE,Wheel Loaders,WLO,Paus,PAU,10<12
2024,Hargrove,HVE,GPE Excavators Wheeled,GEW,Sany,SNY,6<11T
2024,Hargrove,HVE,Wheel Loaders,WLO,Sany,SNY,<7
2024,Hargrove,HVE,Wheel Loaders,WLO,Sany,SNY,10<12
2024,Hargrove,HVE,Wheel Loaders,WLO,SDLG,LIN,<7
2024,Hargrove,HVE,Wheel Loaders,WLO,SDLG,LIN,10<12
2024,Hargrove,HVE,Compact Excavators,CEX,SEM,SEM,<6T
2024,Hargrove,HVE,Compact Excavators,CEX,SEM,SEM,6<10T
2024,Hargrove,HVE,Compact Excavators,CEX,SEM,SEM,>10T
2024,Hargrove,HVE,GPE Excavators Crawled,GEC,SEM,SEM,<6T
2024,Hargrove,HVE,GPE Excavators Crawled,GEC,SEM,SEM,6<10T
2024,Hargrove,HVE,GPE Excavators Crawled,GEC,SEM,SEM,>10T
2024,Hargrove,HVE,Wheel Loaders,WLO,SEM,SEM,<7
2024,Hargrove,HVE,Wheel Loaders,WLO,Shantui,SBM,<7
2024,HARGROVE,HVE,Compact Excavators,CEX,Sumitomo,SUM,<6T
2024,HARGROVE,HVE,GPE Excavators Crawled,GEC,Sumitomo,SUM,<6T
2024,HARGROVE,HVE,GPE Excavators Wheeled,GEW,Sumitomo,SUM,6<11T
2024,HARGROVE,HVE,GPE Excavators Wheeled,GEW,Sumitomo,SUM,<6T
2024,HARGROVE,HVE,GPE Excavators Wheeled,GEW,Sunward,SUN,6<11T
2024,HARGROVE,HVE,GPE Excavators Wheeled,GEW,Sunward,SUN,<6T
2024,Hargrove,HVE,Wheel Loaders,WLO,Takeuchi,TAK,10<12
2024,HARGROVE,HVE,GPE Excavators Wheeled,GEW,Volvo,VCE,6<11T
2024,hargrove,HVE,GPE Excavators Wheeled,GEW,Wacker Neuson,WAN,>11T
2024,HARGROVE,HVE,GPE Excavators Wheeled,GEW,XCMG,XCM,6<11T
2024,Hargrove,HVE,Wheel Loaders,WLO,XCMG,XCM,<7
2024,HARGROVE,HVE,GPE Excavators Wheeled,GEW,Yanmar,YAN,<6T
2024,Hargrove,HVE,Wheel Loaders,WLO,Yanmar,YAN,10<12
2024,Hargrove,HVE,Wheel Loaders,WLO,Yanmar,YAN,>12
2024,HARGROVE N,HVN,Wheel Loaders,WLO,Bobcat,BOB,10<12
2024,HARGROVE N,HVN,Wheel Loaders,WLO,Bobcat,BOB,>12
2024,HARGROVE N,HVN,GPE Excavators Wheeled,GEW,Case,CAS,6<11T
2024,HARGROVE N,HVN,GPE Excavators Wheeled,GEW,Case,CAS,<6T
2024,HARGROVE N,HVN,GPE Excavators Wheeled,GEW,Caterpillar,CAT,6<11T
2024,HARGROVE N,HVN,GPE Excavators Wheeled,GEW,Caterpillar,CAT,<6T
2024,HARGROVE N,HVN,GPE Excavators Wheeled,GEW,Deere,JOH,6<11T
2024,HARGROVE N,HVN,GPE Excavators Wheeled,GEW,Deere,JOH,<6T
2024,HARGROVE N,HVN,Wheel Loaders,WLO,Develon,DOO,<7
2024,HARGROVE N,HVN,Wheel Loaders,WLO,Develon,DOO,7<10
2024,HARGROVE N,HVN,Wheel Loaders,WLO,Develon,DOO,10<12
2024,HARGROVE N,HVN,GPE Excavators Wheeled,GEW,Develon,DOO,<6T
2024,HARGROVE N,HVN,Compact Excavators,CEX,Foton Lovol,,6<10T
2024,HARGROVE N,HVN,GPE Excavators Crawled,GEC,Foton Lovol,,6<10T
2024,HARGROVE N,HVN,Compact Excavators,CEX,Gehl,GEH,>10T
2024,HARGROVE N,HVN,GPE Excavators Crawled,GEC,Gehl,GEH,>10T
2024,HARGROVE N,HVN,Wheel Loaders,WLO,Gehl,GEH,10<12
2024,HARGROVE N,HVN,Wheel Loaders,WLO,Gehl,GEH,>12
2024,HARGROVE N,HVN,Compact Excavators,CEX,Gradall,GRA,6<10T
2024,HARGROVE N,HVN,Compact Excavators,CEX,Gradall,GRA,<6T
2024,HARGROVE N,HVN,GPE Excavators Crawled,GEC,Gradall,GRA,6<10T
2024,HARGROVE N,HVN,GPE Excavators Crawled,GEC,Gradall,GRA,<6T
2024,HARGROVE N,HVN,GPE Excavators Wheeled,GEW,Gradall,GRA,6<11T
2024,HARGROVE N,HVN,GPE Excavators Wheeled,GEW,Gradall,GRA,<6T
2024,HARGROVE N,HVN,GPE Excavators Wheeled,GEW,Hitachi,HIT,>11T
2024,HARGROVE N,HVN,GPE Excavators Wheeled,GEW,Hitachi,HIT,6<11T
2024,HARGROVE N,HVN,GPE Excavators Wheeled,GEW,Hitachi,HIT,<6T
2024,HARGROVE N,HVN,Wheel Loaders,WLO,Hyundai,HYU,7<10
2024,HARGROVE N,HVN,Wheel Loaders,WLO,Hyundai,HYU,10<12
2024,HARGROVE N,HVN,GPE Excavators Wheeled,GEW,Hyundai,,6<11T
2024,HARGROVE N,HVN,GPE Excavators Wheeled,GEW,JCB,JCB,6<11T
2024,HARGROVE N,HVN,GPE Excavators Wheeled,GEW,JCB,JCB,<6T
2024,HARGROVE N,HVN,Wheel Loaders,WLO,JCB,JCB,<7
2024,HARGROVE N,HVN,GPE Excavators Wheeled,GEW,Komatsu,KOM,6<11T
2024,HARGROVE N,HVN,GPE Excavators Wheeled,GEW,Komatsu,KOM,<6T
2024,HARGROVE N,HVN,Wheel Loaders,WLO,Komatsu,KOM,<7
2024,HARGROVE N,HVN,Wheel Loaders,WLO,Komatsu,KOM,7<10
2024,HARGROVE N,HVN,Compact Excavators,CEX,Kubota,KUB,>10T
2024,HARGROVE N,HVN,GPE Excavators Crawled,GEC,Kubota,KUB,>10T
2024,HARGROVE N,HVN,Wheel Loaders,WLO,Kubota,KUB,10<12
2024,HARGROVE N,HVN,Wheel Loaders,WLO,Kubota,KUB,>12
2024,HARGROVE N,HVN,Compact Excavators,CEX,Liebherr,LIE,6<10T
2024,HARGROVE N,HVN,Compact Excavators,CEX,Liebherr,LIE,<6T
2024,HARGROVE N,HVN,GPE Excavators Crawled,GEC,Liebherr,LIE,6<10T
2024,HARGROVE N,HVN,GPE Excavators Crawled,GEC,Liebherr,LIE,<6T
2024,HARGROVE N,HVN,GPE Excavators Wheeled,GEW,Liebherr,LIE,<6T
2024,HARGROVE N,HVN,Wheel Loaders,WLO,Liebherr,LIE,10<12
2024,HARGROVE N,HVN,Wheel Loaders,WLO,Liebherr,LIE,7<10
2024,HARGROVE N,HVN,Wheel Loaders,WLO,Liebherr,LIE,<7
2024,HARGROVE N,HVN,Compact Excavators,CEX,Linkbelt,LIK,<6T
2024,HARGROVE N,HVN,GPE Excavators Crawled,GEC,Linkbelt,LIK,<6T
2024,HARGROVE N,HVN,GPE Excavators Wheeled,GEW,Linkbelt,LIK,>11T
2024,HARGROVE N,HVN,GPE Excavators Wheeled,GEW,Linkbelt,LIK,6<11T
2024,HARGROVE N,HVN,GPE Excavators Wheeled,GEW,Linkbelt,LIK,<6T
2024,HARGROVE N,HVN,Wheel Loaders,WLO,Liugong,LIU,<7
2024,HARGROVE N,HVN,Wheel Loaders,WLO,Manitou,MTU,10<12
2024,HARGROVE N,HVN,Wheel Loaders,WLO,Manitou,MTU,>12
2024,HARGROVE N,HVN,GPE Excavators Wheeled,GEW,Mecalac,MEC,<6T
2024,HARGROVE N,HVN,Wheel Loaders,WLO,Mecalac,MEC,10<12
2024,HARGROVE N,HVN,Compact Excavators,CEX,Mustang,MUS,6<10T
2024,HARGROVE N,HVN,Compact Excavators,CEX,Mustang,MUS,>10T
2024,HARGROVE N,HVN,Compact Excavators,CEX,Mustang,MUS,<6T
2024,HARGROVE N,HVN,GPE Excavators Crawled,GEC,Mustang,MUS,<6T
2024,HARGROVE N,HVN,GPE Excavators Crawled,GEC,Mustang,MUS,6<10T
2024,HARGROVE N,HVN,GPE Excavators Crawled,GEC,Mustang,MUS,>10T
2024,HARGROVE N,HVN,Wheel Loaders,WLO,Mustang,MUS,7<10
2024,HARGROVE N,HVN,Wheel Loaders,WLO,Mustang,MUS,10<12
2024,HARGROVE N,HVN,Wheel Loaders,WLO,Mustang,MUS,>12
2024,HARGROVE N,HVN,Compact Excavators,CEX,New Holland,NEW,>10T
2024,HARGROVE N,HVN,GPE Excavators Crawled,GEC,New Holland,NEW,>10T
2024,HARGROVE N,HVN,Wheel Loaders,WLO,New Holland,NEW,10<12
2024,HARGROVE N,HVN,Wheel Loaders,WLO,New Holland,NEW,>12
2024,HARGROVE N,HVN,GPE Excavators Wheeled,GEW,New Holland,NEW,6<11T
2024,HARGROVE N,HVN,GPE Excavators Wheeled,GEW,New Holland,NEW,>11T
2024,HARGROVE N,HVN,GPE Excavators Wheeled,GEW,New Holland,NEW,<6T
2024,HARGROVE N,HVN,Wheel Loaders,WLO,Paus,PAU,<7
2024,HARGROVE N,HVN,Wheel Loaders,WLO,Paus,PAU,>12
2024,HARGROVE N,HVN,Wheel Loaders,WLO,Paus,PAU,7<10
2024,HARGROVE N,HVN,Wheel Loaders,WLO,Paus,PAU,10<12
2024,HARGROVE N,HVN,GPE Excavators Wheeled,GEW,Sany,SNY,<6T
2024,HARGROVE N,HVN,GPE Excavators Wheeled,GEW,Sany,SNY,6<11T
2024,HARGROVE N,HVN,Wheel Loaders,WLO,Sany,SNY,<7
2024,HARGROVE N,HVN,Wheel Loaders,WLO,Sany,SNY,7<10
2024,HARGROVE N,HVN,Wheel Loaders,WLO,Sany,SNY,10<12
2024,HARGROVE N,HVN,Compact Excavators,CEX,SDLG,LIN,6<10T
2024,HARGROVE N,HVN,Compact Excavators,CEX,SDLG,LIN,>10T
2024,HARGROVE N,HVN,GPE Excavators Crawled,GEC,SDLG,LIN,6<10T
2024,HARGROVE N,HVN,GPE Excavators Crawled,GEC,SDLG,LIN,>10T
2024,HARGROVE N,HVN,Wheel Loaders,WLO,SDLG,LIN,<7
2024,HARGROVE N,HVN,Wheel Loaders,WLO,SDLG,LIN,10<12
2024,HARGROVE N,HVN,Compact Excavators,CEX,SEM,SEM,<6T
2024,HARGROVE N,HVN,Compact Excavators,CEX,SEM,SEM,6<10T
2024,HARGROVE N,HVN,Compact Excavators,CEX,SEM,SEM,>10T
2024,HARGROVE N,HVN,GPE Excavators Crawled,GEC,SEM,SEM,<6T
2024,HARGROVE N,HVN,GPE Excavators Crawled,GEC,SEM,SEM,6<10T
2024,HARGROVE N,HVN,GPE Excavators Crawled,GEC,SEM,SEM,>10T
2024,HARGROVE N,HVN,Wheel Loaders,WLO,SEM,SEM,<7
2024,HARGROVE N,HVN,GPE Excavators Crawled,GEC,Shaanxi,SCM,<6T
2024,HARGROVE N,HVN,Compact Excavators,CEX,Shaanxi,SCM,<6T
2024,HARGROVE N,HVN,GPE Excavators Crawled,GEC,Shaanxi,SCM,6<10T
2024,HARGROVE N,HVN,Compact Excavators,CEX,Shaanxi,SCM,6<10T
2024,HARGROVE N,HVN,Compact Excavators,CEX,Sumitomo,SUM,<6T
2024,HARGROVE N,HVN,Compact Excavators,CEX,Sumitomo,SUM,6<10T
2024,HARGROVE N,HVN,Compact Excavators,CEX,Sumitomo,SUM,>10T
2024,HARGROVE N,HVN,GPE Excavators Crawled,GEC,Sumitomo,SUM,<6T
2024,HARGROVE N,HVN,GPE Excavators Crawled,GEC,Sumitomo,SUM,6<10T
2024,HARGROVE N,HVN,GPE Excavators Crawled,GEC,Sumitomo,SUM,>10t
2024,HARGROVE N,HVN,GPE Excavators Wheeled,GEW,Sumitomo,SUM,6<11T
2024,HARGROVE N,HVN,GPE Excavators Wheeled,GEW,Sumitomo,SUM,<6T
2024,HARGROVE N,HVN,GPE Excavators Wheeled,GEW,Sumitomo,SUM,>11T
2024,HARGROVE N,HVN,Wheel Loaders,WLO,Takeuchi,TAK,10<12
2024,HARGROVE N,HVN,Wheel Loaders,WLO,Venieri,VEN,<7
2024,HARGROVE N,HVN,Wheel Loaders,WLO,Venieri,VEN,7<10
2024,HARGROVE N,HVN,Wheel Loaders,WLO,Venieri,VEN,>12
2024,HARGROVE N,HVN,GPE Excavators Wheeled,GEW,Volvo,VCE,6<11T
2024,HARGROVE N,HVN,GPE Excavators Wheeled,GEW,Wacker Neuson,WAN,<6T
2024,HARGROVE N,HVN,GPE Excavators Wheeled,GEW,Wacker Neuson,WAN,>11T
2024,HARGROVE N,HVN,Wheel Loaders,WLO,XCMG,XCM,<7
2024,HARGROVE N,HVN,Wheel Loaders,WLO,XCMG,XCM,7<10
2024,HARGROVE N,HVN,Compact Excavators,CEX,Yanmar,YAN,>10T
2024,HARGROVE N,HVN,GPE Excavators Crawled,GEC,Yanmar,YAN,>10T
2024,HARGROVE N,HVN,Wheel Loaders,WLO,Yanmar,YAN,10<12
2024,HARGROVE N,HVN,Wheel Loaders,WLO,Yanmar,YAN,>12
2024,IN01A,INA,Compact Excavators,CEX,BEML,BEM,<6T
2024,IN01A,INA,GPE Excavators Crawled,GEC,BEML,BEM,<6T
2024,IN01A,INA,Wheel Loaders,WLO,BEML,BEM,10<12
2024,IN01A,INA,Wheel Loaders,WLO,BEML,BEM,<7
2024,IN01A,INA,Wheel Loaders,WLO,BEML,BEM,7<10
2024,IN01A,INA,Compact Excavators,CEX,Bobcat,BOB,>10T
2024,IN01A,INA,GPE Excavators Crawled,GEC,Bobcat,BOB,>10T
2024,IN01A,INA,GPE Excavators Wheeled,GEW,Bobcat,BOB,6<11T
2024,IN01A,INA,GPE Excavators Wheeled,GEW,Bobcat,BOB,>11T
2024,IN01A,INA,Wheel Loaders,WLO,Bobcat,BOB,10<12
2024,IN01A,INA,Wheel Loaders,WLO,Bobcat,BOB,>12
2024,IN01A,INA,Wheel Loaders,WLO,Bobcat,BOB,7<10
2024,IN01A,INA,Wheel Loaders,WLO,Bobcat,BOB,<7
2024,IN01A,INA,GPE Excavators Wheeled,GEW,Caterpillar,CAT,6<11T
2024,IN01A,INA,GPE Excavators Wheeled,GEW,Caterpillar,CAT,<6T
2024,IN01A,INA,GPE Excavators Wheeled,GEW,Develon,DOO,6<11T
2024,IN01A,INA,Wheel Loaders,WLO,Develon,DOO,10<12
2024,IN01A,INA,Wheel Loaders,WLO,Develon,DOO,<7
2024,IN01A,INA,Wheel Loaders,WLO,Eimco Elecon,EIM,10<12
2024,IN01A,INA,Wheel Loaders,WLO,Eimco Elecon,EIM,<7
2024,IN01A,INA,GPE Excavators Wheeled,GEW,Hitachi,HIT,6<11T
2024,IN01A,INA,GPE Excavators Wheeled,GEW,Hitachi,HIT,<6T
2024,IN01A,INA,GPE Excavators Wheeled,GEW,JCB,JCB,6<11T
2024,IN01A,INA,GPE Excavators Wheeled,GEW,JCB,JCB,<6T
2024,IN01A,INA,GPE Excavators Wheeled,GEW,Kobelco,KOB,6<11T
2024,IN01A,INA,GPE Excavators Wheeled,GEW,Kobelco,KOB,<6T
2024,IN01A,INA,GPE Excavators Wheeled,GEW,Komatsu,KOM,<6T
2024,IN01A,INA,Compact Excavators,CEX,Kubota,KUB,>10T
2024,IN01A,INA,GPE Excavators Crawled,GEC,Kubota,KUB,>10T
2024,IN01A,INA,Compact Excavators,CEX,Leeboy,LEE,6<10T
2024,IN01A,INA,Compact Excavators,CEX,Leeboy,LEE,<6T
2024,IN01A,INA,GPE Excavators Crawled,GEC,Leeboy,LEE,6<10T
2024,IN01A,INA,GPE Excavators Crawled,GEC,Leeboy,LEE,<6T
2024,IN01A,INA,Wheel Loaders,WLO,Sany,SNY,10<12
2024,IN01A,INA,Wheel Loaders,WLO,Sany,SNY,7<10
2024,IN01A,INA,Wheel Loaders,WLO,Sany,SNY,>12
2024,IN01A,INA,Wheel Loaders,WLO,Sany,SNY,<7
2024,IN01A,INA,Wheel Loaders,WLO,SEM,SEM,<7
2024,IN01A,INA,Wheel Loaders,WLO,Tata Hitachi (ex. Telcon),TEL,10<12
2024,IN01A,INA,Wheel Loaders,WLO,Tata Hitachi (ex. Telcon),TEL,7<10
2024,IN01A,INA,Wheel Loaders,WLO,Tata Hitachi (ex. Telcon),TEL,<7
2024,IN01A,INA,Wheel Loaders,WLO,XCMG,XCM,<7
2024,Abimaq,ABQ,Compact Excavators,CEX,Airman,AIR,6<10T
2024,Abimaq,ABQ,Compact Excavators,CEX,Airman,AIR,>10T
2024,Abimaq,ABQ,GPE Excavators Crawled,GEC,Airman,AIR,6<10T
2024,Abimaq,ABQ,GPE Excavators Crawled,GEC,Airman,AIR,>10T
2024,Abimaq,ABQ,Wheel Loaders,WLO,Bell,BEL,10<12
2024,Abimaq,ABQ,Wheel Loaders,WLO,Bell,BEL,<7
2024,Abimaq,ABQ,Wheel Loaders,WLO,Bell,BEL,>12
2024,Abimaq,ABQ,Wheel Loaders,WLO,Bell,BEL,7<10
2024,Abimaq,ABQ,Wheel Loaders,WLO,Bobcat,BOB,>12
2024,Abimaq,ABQ,Wheel Loaders,WLO,Bobcat,BOB,10<12
2024,Abimaq,ABQ,Compact Excavators,CEX,Cukurova,CUK,6<10T
2024,Abimaq,ABQ,Compact Excavators,CEX,Cukurova,CUK,<6T
2024,Abimaq,ABQ,GPE Excavators Crawled,GEC,Cukurova,CUK,6<10T
2024,Abimaq,ABQ,GPE Excavators Crawled,GEC,Cukurova,CUK,<6T
2024,Abimaq,ABQ,Wheel Loaders,WLO,Cukurova,CUK,<7
2024,Abimaq,ABQ,Wheel Loaders,WLO,Cukurova,CUK,10<12
2024,Abimaq,ABQ,Wheel Loaders,WLO,Cukurova,CUK,7<10
2024,Abimaq,ABQ,Compact Excavators,CEX,Eurocomach,EUR,>10T
2024,Abimaq,ABQ,GPE Excavators Crawled,GEC,Eurocomach,EUR,>10T
2024,Abimaq,ABQ,Wheel Loaders,WLO,Foton Lovol,FOL,<7
2024,Abimaq,ABQ,Compact Excavators,CEX,Gehl,GEH,<6T
2024,Abimaq,ABQ,Compact Excavators,CEX,Gehl,GEH,6<10T
2024,Abimaq,ABQ,Compact Excavators,CEX,Gehl,GEH,>10T
2024,Abimaq,ABQ,Wheel Loaders,WLO,Gehl,GEH,>12
2024,Abimaq,ABQ,Wheel Loaders,WLO,Gehl,GEH,10<12
2024,Abimaq,ABQ,GPE Excavators Crawled,GEC,Gehl,GEH,<6T
2024,Abimaq,ABQ,GPE Excavators Crawled,GEC,Gehl,GEH,6<10T
2024,Abimaq,ABQ,GPE Excavators Crawled,GEC,Gehl,GEH,>10T
2024,Abimaq,ABQ,Compact Excavators,CEX,Gradall,GRA,6<10T
2024,Abimaq,ABQ,Compact Excavators,CEX,Gradall,GRA,<6T
2024,Abimaq,ABQ,GPE Excavators Crawled,GEC,Gradall,GRA,6<10T
2024,Abimaq,ABQ,GPE Excavators Crawled,GEC,Gradall,GRA,<6T
2024,Abimaq,ABQ,Compact Excavators,CEX,Hidromek,HID,<6T
2024,Abimaq,ABQ,GPE Excavators Crawled,GEC,Hidromek,HID,<6T
2024,Abimaq,ABQ,Wheel Loaders,WLO,Hidromek,HID,<7
2024,Abimaq,ABQ,Wheel Loaders,WLO,Hidromek,HID,10<12
2024,Abimaq,ABQ,Wheel Loaders,WLO,Hidromek,HID,7<10
2024,Abimaq,ABQ,Wheel Loaders,WLO,Hyundai,HYU,7<10
2024,Abimaq,ABQ,Compact Excavators,CEX,Kato Imer,,6<10T
2024,Abimaq,ABQ,GPE Excavators Crawled,GEC,Kato Imer,,6<10T
2024,Abimaq,ABQ,Compact Excavators,CEX,Kato Imer,,>10T
2024,Abimaq,ABQ,GPE Excavators Crawled,GEC,Kato Imer,,>10T
2024,Abimaq,ABQ,Wheel Loaders,WLO,Kobelco,KOB,>12
2024,Abimaq,ABQ,Wheel Loaders,WLO,Kobelco,KOB,10<12
2024,Abimaq,ABQ,Compact Excavators,CEX,Kubota,KUB,>10T
2024,Abimaq,ABQ,GPE Excavators Crawled,GEC,Kubota,KUB,>10T
2024,Abimaq,ABQ,Wheel Loaders,WLO,Kubota,KUB,>12
2024,Abimaq,ABQ,Wheel Loaders,WLO,Kubota,KUB,10<12
2024,Abimaq,ABQ,Compact Excavators,CEX,Liebherr,LIE,6<10T
2024,Abimaq,ABQ,Compact Excavators,CEX,Liebherr,LIE,<6T
2024,Abimaq,ABQ,GPE Excavators Crawled,GEC,Liebherr,LIE,6<10T
2024,Abimaq,ABQ,GPE Excavators Crawled,GEC,Liebherr,LIE,<6T
2024,Abimaq,ABQ,Compact Excavators,CEX,Linkbelt,LIK,<6T
2024,Abimaq,ABQ,GPE Excavators Crawled,GEC,Linkbelt,LIK,<6T
2024,Abimaq,ABQ,Wheel Loaders,WLO,Manitou,MTU,>12
2024,Abimaq,ABQ,Wheel Loaders,WLO,Manitou,MTU,10<12
2024,Abimaq,ABQ,Wheel Loaders,WLO,Mecalac,MEC,10<12
2024,Abimaq,ABQ,Compact Excavators,CEX,Messersi,MES,6<10T
2024,Abimaq,ABQ,Compact Excavators,CEX,Messersi,MES,>10T
2024,Abimaq,ABQ,GPE Excavators Crawled,GEC,Messersi,MES,6<10T
2024,Abimaq,ABQ,GPE Excavators Crawled,GEC,Messersi,MES,>10T
2024,Abimaq,ABQ,Compact Excavators,CEX,Mustang,MUS,6<10T
2024,Abimaq,ABQ,Compact Excavators,CEX,Mustang,MUS,>10T
2024,Abimaq,ABQ,GPE Excavators Crawled,GEC,Mustang,MUS,6<10T
2024,Abimaq,ABQ,Compact Excavators,CEX,Mustang,MUS,<6T
2024,Abimaq,ABQ,GPE Excavators Crawled,GEC,Mustang,MUS,<6T
2024,Abimaq,ABQ,GPE Excavators Crawled,GEC,Mustang,MUS,>10T
2024,Abimaq,ABQ,Wheel Loaders,WLO,Mustang,MUS,7<10
2024,Abimaq,ABQ,Wheel Loaders,WLO,Mustang,MUS,>12
2024,Abimaq,ABQ,Wheel Loaders,WLO,Mustang,MUS,10<12
2024,Abimaq,ABQ,Wheel Loaders,WLO,Paus,PAU,<7
2024,Abimaq,ABQ,Wheel Loaders,WLO,Paus,PAU,>12
2024,Abimaq,ABQ,Wheel Loaders,WLO,Paus,PAU,10<12
2024,Abimaq,ABQ,Wheel Loaders,WLO,Sany,SNY,<7
2024,Abimaq,ABQ,Wheel Loaders,WLO,Sany,SNY,10<12
2024,Abimaq,ABQ,Wheel Loaders,WLO,SDLG,LIN,<7
2024,Abimaq,ABQ,Wheel Loaders,WLO,SDLG,LIN,10<12
2024,Abimaq,ABQ,Compact Excavators,CEX,SEM,SEM,<6T
2024,Abimaq,ABQ,Compact Excavators,CEX,SEM,SEM,6<10T
2024,Abimaq,ABQ,Compact Excavators,CEX,SEM,SEM,>10T
2024,Abimaq,ABQ,GPE Excavators Crawled,GEC,SEM,SEM,<6T
2024,Abimaq,ABQ,GPE Excavators Crawled,GEC,SEM,SEM,6<10T
2024,Abimaq,ABQ,GPE Excavators Crawled,GEC,SEM,SEM,>10T
2024,Abimaq,ABQ,Wheel Loaders,WLO,SEM,SEM,<7
2024,Abimaq,ABQ,Wheel Loaders,WLO,Shantui,SBM,<7
2024,Abimaq,ABQ,Compact Excavators,CEX,Sumitomo,SUM,<6T
2024,Abimaq,ABQ,GPE Excavators Crawled,GEC,Sumitomo,SUM,<6T
2024,Abimaq,ABQ,Wheel Loaders,WLO,Takeuchi,TAK,10<12
2024,Abimaq,ABQ,Wheel Loaders,WLO,XCMG,XCM,<7
2024,Abimaq,ABQ,Wheel Loaders,WLO,Yanmar,YAN,10<12
2024,Abimaq,ABQ,Wheel Loaders,WLO,Yanmar,YAN,>12
