Country Grouping,,Machine Line,,Artificial machine line,Primary Source,Secondary source NOT IN USE,CRP source,"Change
Indicator",delete,"Motor graders we have TM for, Backhoe Loaders we do not have TM for"
GCR,Costa Rica,300,Compact Excavators,CEX,PIN,,HVE,,,
GCR,Costa Rica,310,GPE Crawler Excavators,GEC,PIN,,HVE,,,
GCR,Costa Rica,320,GPE Wheel Excavators,GEW,PIN,,HVE,,,
GCR,Costa Rica,330,Articulated Haulers,Articulated Haulers,PIN,,HVE,,,
GCR,Costa Rica,340,Rigid Haulers,Rigid Haulers,PIN,,HVE,,,
GCR,Costa Rica,350,Compact Wheel Loaders,350,PIN,,HVE,,,
GCR,Costa Rica,360,GPE Wheel Loaders,WLO,PIN,,HVE,,,
GCR,Costa Rica,380,Motor Graders,Motor Graders,PIN,,HVE,,,
GCR,Costa Rica,390,Compaction Machines,Compaction Machines,PIN,,,,,
GCR,Costa Rica,410,Backhoe Loaders,Backhoe Loaders,PIN,,,,,
GEC,Ecuador,300,Compact Excavators,CEX,PIN,,HVE,,,
GEC,Ecuador,310,GPE Crawler Excavators,GEC,PIN,,HVE,,,
GEC,Ecuador,320,GPE Wheel Excavators,GEW,PIN,,HVE,,,
GEC,Ecuador,330,Articulated Haulers,Articulated Haulers,PIN,,HVE,,,
GEC,Ecuador,340,Rigid Haulers,Rigid Haulers,PIN,,HVE,,,
GEC,Ecuador,350,Compact Wheel Loaders,350,PIN,,HVE,,,
GEC,Ecuador,360,GPE Wheel Loaders,WLO,PIN,,HVE,,,
GEC,Ecuador,380,Motor Graders,Motor Graders,PIN,,HVE,,,
GEC,Ecuador,390,Compaction Machines,Compaction Machines,PIN,,,,,
GEC,Ecuador,410,Backhoe Loaders,Backhoe Loaders,PIN,,,,,
GGR,Greece,300,Compact Excavators,CEX,OHR,,CEE,,,
GGR,Greece,310,GPE Crawler Excavators,GEC,OHR,,CEE,,,
GGR,Greece,320,GPE Wheel Excavators,GEW,OHR,,CEE,,,
GGR,Greece,330,Articulated Haulers,Articulated Haulers,OHR,,CEE,,,
GGR,Greece,340,Rigid Haulers,Rigid Haulers,OHR,,CEE,,,
GGR,Greece,350,Compact Wheel Loaders,350,OHR,,CEE,,,
GGR,Greece,360,GPE Wheel Loaders,WLO,OHR,,CEE,,,
GGR,Greece,380,Motor Graders,Motor Graders,OHR,,CEE,,,
GGR,Greece,390,Compaction Machines,Compaction Machines,,,,,,
GGT,Guatemala,300,Compact Excavators,CEX,PIN,,HVE,,,
GGT,Guatemala,310,GPE Crawler Excavators,GEC,PIN,,HVE,,,
GGT,Guatemala,320,GPE Wheel Excavators,GEW,PIN,,HVE,,,
GGT,Guatemala,330,Articulated Haulers,Articulated Haulers,PIN,,HVE,,,
GGT,Guatemala,340,Rigid Haulers,Rigid Haulers,PIN,,HVE,,,
GGT,Guatemala,350,Compact Wheel Loaders,350,PIN,,HVE,,,
GGT,Guatemala,360,GPE Wheel Loaders,WLO,PIN,,HVE,,,
GGT,Guatemala,380,Motor Graders,Motor Graders,PIN,,HVE,,,
GGT,Guatemala,390,Compaction Machines,Compaction Machines,PIN,,,,,
GGT,Guatemala,410,Backhoe Loaders,Backhoe Loaders,PIN,,,,,
GNI,Nicaragua,300,Compact Excavators,CEX,PIN,,HVE,,,
GNI,Nicaragua,310,GPE Crawler Excavators,GEC,PIN,,HVE,,,
GNI,Nicaragua,320,GPE Wheel Excavators,GEW,PIN,,HVE,,,
GNI,Nicaragua,330,Articulated Haulers,Articulated Haulers,PIN,,HVE,,,
GNI,Nicaragua,340,Rigid Haulers,Rigid Haulers,PIN,,HVE,,,
GNI,Nicaragua,350,Compact Wheel Loaders,350,PIN,,HVE,,,
GNI,Nicaragua,360,GPE Wheel Loaders,WLO,PIN,,HVE,,,
GNI,Nicaragua,380,Motor Graders,Motor Graders,PIN,,HVE,,,
GNI,Nicaragua,390,Compaction Machines,Compaction Machines,PIN,,,,,
GNI,Nicaragua,410,Backhoe Loaders,Backhoe Loaders,PIN,,,,,
GPA,Panama,300,Compact Excavators,CEX,PIN,,HVE,,,
GPA,Panama,310,GPE Crawler Excavators,GEC,PIN,,HVE,,,
GPA,Panama,320,GPE Wheel Excavators,GEW,PIN,,HVE,,,
GPA,Panama,330,Articulated Haulers,Articulated Haulers,PIN,,HVE,,,
GPA,Panama,340,Rigid Haulers,Rigid Haulers,PIN,,HVE,,,
GPA,Panama,350,Compact Wheel Loaders,350,PIN,,HVE,,,
GPA,Panama,360,GPE Wheel Loaders,WLO,PIN,,HVE,,,
GPA,Panama,380,Motor Graders,Motor Graders,PIN,,HVE,,,
GPA,Panama,390,Compaction Machines,Compaction Machines,PIN,,,,,
GPA,Panama,410,Backhoe Loaders,Backhoe Loaders,PIN,,,,,
GPY,Paraguay,300,Compact Excavators,CEX,PIN,,HVE,,,
GPY,Paraguay,310,GPE Crawler Excavators,GEC,PIN,,HVE,,,
GPY,Paraguay,320,GPE Wheel Excavators,GEW,PIN,,HVE,,,
GPY,Paraguay,330,Articulated Haulers,Articulated Haulers,PIN,,HVE,,,
GPY,Paraguay,340,Rigid Haulers,Rigid Haulers,PIN,,HVE,,,
GPY,Paraguay,350,Compact Wheel Loaders,350,PIN,,HVE,,,
GPY,Paraguay,360,GPE Wheel Loaders,WLO,PIN,,HVE,,,
GPY,Paraguay,380,Motor Graders,Motor Graders,PIN,,HVE,,,
GPY,Paraguay,390,Compaction Machines,Compaction Machines,PIN,,,,,
GPY,Paraguay,410,Backhoe Loaders,Backhoe Loaders,PIN,,,,,
GUY,Uruguay,300,Compact Excavators,CEX,PIN,,HVE,,,
GUY,Uruguay,310,GPE Crawler Excavators,GEC,PIN,,HVE,,,
GUY,Uruguay,320,GPE Wheel Excavators,GEW,PIN,,HVE,,,
GUY,Uruguay,330,Articulated Haulers,Articulated Haulers,PIN,,HVE,,,
GUY,Uruguay,340,Rigid Haulers,Rigid Haulers,PIN,,HVE,,,
GUY,Uruguay,350,Compact Wheel Loaders,350,PIN,,HVE,,,
GUY,Uruguay,360,GPE Wheel Loaders,WLO,PIN,,HVE,,,
GUY,Uruguay,380,Motor Graders,Motor Graders,PIN,,HVE,,,
GUY,Uruguay,390,Compaction Machines,Compaction Machines,PIN,,,,,
GUY,Uruguay,410,Backhoe Loaders,Backhoe Loaders,PIN,,,,,
GTL,Timor-Leste,330,Articulated Haulers,Articulated Haulers,DES,,HVE,,,
GTL,Timor-Leste,410,Backhoe Loaders,Backhoe Loaders,DES,,,,,
GTL,Timor-Leste,300,Compact Excavators,CEX,DES,,HVE,,,
GTL,Timor-Leste,350,Compact Wheel Loaders,350,DES,,HVE,,,
GTL,Timor-Leste,310,GPE Crawler Excavators,GEC,DES,,HVE,,,
GTL,Timor-Leste,320,GPE Wheel Excavators,GEW,DES,,HVE,,,
GTL,Timor-Leste,360,GPE Wheel Loaders,WLO,DES,,HVE,,,
GTL,Timor-Leste,380,Motor Graders,Motor Graders,DES,,HVE,,,
GTL,Timor-Leste,390,Compaction Machines,Compaction Machines,DES,,,,,
GTL,Timor-Leste,340,Rigid Haulers,Rigid Haulers,DES,,HVE,,,
GBN,Brunei,330,Articulated Haulers,Articulated Haulers,DES,,HVE,,,
GBN,Brunei,410,Backhoe Loaders,Backhoe Loaders,DES,,,,,
GBN,Brunei,300,Compact Excavators,CEX,DES,,HVE,,,
GBN,Brunei,350,Compact Wheel Loaders,350,DES,,HVE,,,
GBN,Brunei,310,GPE Crawler Excavators,GEC,DES,,HVE,,,
GBN,Brunei,320,GPE Wheel Excavators,GEW,DES,,HVE,,,
GBN,Brunei,360,GPE Wheel Loaders,WLO,DES,,HVE,,,
GBN,Brunei,380,Motor Graders,Motor Graders,DES,,HVE,,,
GBN,Brunei,390,Compaction Machines,Compaction Machines,DES,,,,,
GBN,Brunei,340,Rigid Haulers,Rigid Haulers,DES,,HVE,,,
GAR,Argentina,300,Compact Excavators,CEX,OHR,PIN,HVE,,,
GAR,Argentina,310,GPE Crawler Excavators,GEC,OHR,PIN,HVE,,,
GAR,Argentina,320,GPE Wheel Excavators,GEW,OHR,PIN,HVE,,,
GAR,Argentina,330,Articulated Haulers,Articulated Haulers,OHR,PIN,HVE,,,
GAR,Argentina,340,Rigid Haulers,Rigid Haulers,OHR,PIN,HVE,,,
GAR,Argentina,350,Compact Wheel Loaders,350,OHR,PIN,HVE,,,
GAR,Argentina,360,GPE Wheel Loaders,WLO,OHR,PIN,HVE,,,
GAR,Argentina,380,Motor Graders,Motor Graders,OHR,PIN,HVE,,,
GAR,Argentina,390,Compaction Machines,Compaction Machines,OHR,PIN,,,,
GAR,Argentina,410,Backhoe Loaders,Backhoe Loaders,OHR,PIN,,,,
GAU,Australia,300,Compact Excavators,CEX,EAU,,HVE,,,
GAU,Australia,310,GPE Crawler Excavators,GEC,EAU,,HVE,,,
GAU,Australia,320,GPE Wheel Excavators,GEW,EAU,,HVE,,,
GAU,Australia,330,Articulated Haulers,Articulated Haulers,EAU,,HVE,,,
GAU,Australia,340,Rigid Haulers,Rigid Haulers,EAU,,HVE,,,
GAU,Australia,350,Compact Wheel Loaders,350,EAU,,HVE,,,
GAU,Australia,360,GPE Wheel Loaders,WLO,EAU,,HVE,,,
GAU,Australia,380,Motor Graders,Motor Graders,EAU,,HVE,,,
GAU,Australia,390,Compaction Machines,Compaction Machines,EAU,,,,,
GAU,Australia,410,Backhoe Loaders,Backhoe Loaders,EAU,,,,,
GAT,Austria,300,Compact Excavators,CEX,OHR,,CEE,,,
GAT,Austria,310,GPE Crawler Excavators,GEC,OHR,,CEE,,,
GAT,Austria,320,GPE Wheel Excavators,GEW,OHR,,CEE,,,
GAT,Austria,330,Articulated Haulers,Articulated Haulers,OHR,,CEE,,,
GAT,Austria,340,Rigid Haulers,Rigid Haulers,OHR,,CEE,,,
GAT,Austria,350,Compact Wheel Loaders,350,OHR,,CEE,,,
GAT,Austria,360,GPE Wheel Loaders,WLO,OHR,,CEE,,,
GAT,Austria,380,Motor Graders,Motor Graders,OHR,,CEE,,,
GAT,Austria,390,Compaction Machines,Compaction Machines,,,,,,
GAT,Austria,410,Backhoe Loaders,Backhoe Loaders,OHR,,,,,
GBE,Belgium,300,Compact Excavators,CEX,OHR,,CEE,,,
GBE,Belgium,310,GPE Crawler Excavators,GEC,OHR,,CEE,,,
GBE,Belgium,320,GPE Wheel Excavators,GEW,OHR,,CEE,,,
GBE,Belgium,330,Articulated Haulers,Articulated Haulers,OHR,,CEE,,,
GBE,Belgium,340,Rigid Haulers,Rigid Haulers,OHR,,CEE,,,
GBE,Belgium,350,Compact Wheel Loaders,350,OHR,,CEE,,,
GBE,Belgium,360,GPE Wheel Loaders,WLO,OHR,,CEE,,,
GBE,Belgium,380,Motor Graders,Motor Graders,OHR,,CEE,,,
GBE,Belgium,390,Compaction Machines,Compaction Machines,,,,,,
GBE,Belgium,410,Backhoe Loaders,Backhoe Loaders,OHR,,,,,
GBR,Brazil,300,Compact Excavators,CEX,OHR,PIN,ABQ,,change to Abimaq,
GBR,Brazil,310,GPE Crawler Excavators,GEC,OHR,PIN,ABQ,,change to Abimaq,
GBR,Brazil,320,GPE Wheel Excavators,GEW,OHR,PIN,HVE,,no change,
GBR,Brazil,330,Articulated Haulers,Articulated Haulers,OHR,PIN,HVE,,no change,
GBR,Brazil,340,Rigid Haulers,Rigid Haulers,OHR,PIN,HVE,,no change,
GBR,Brazil,350,Compact Wheel Loaders,350,OHR,PIN,ABQ,,change to Abimaq,
GBR,Brazil,360,GPE Wheel Loaders,WLO,OHR,PIN,ABQ,,change to Abimaq,
GBR,Brazil,380,Motor Graders,Motor Graders,OHR,PIN,ABQ,,change to Abimaq,
GBR,Brazil,390,Compaction Machines,Compaction Machines,OHR,PIN,ABQ,,to Abimaq,
GBR,Brazil,410,Backhoe Loaders,Backhoe Loaders,OHR,PIN,,,,
GKH,Cambodia,300,Compact Excavators,CEX,DES,,HVE,,,
GKH,Cambodia,310,GPE Crawler Excavators,GEC,DES,,HVE,,,
GKH,Cambodia,320,GPE Wheel Excavators,GEW,DES,,HVE,,,
GKH,Cambodia,330,Articulated Haulers,Articulated Haulers,DES,,HVE,,,
GKH,Cambodia,340,Rigid Haulers,Rigid Haulers,DES,,HVE,,,
GKH,Cambodia,350,Compact Wheel Loaders,350,DES,,HVE,,,
GKH,Cambodia,360,GPE Wheel Loaders,WLO,DES,,HVE,,,
GKH,Cambodia,380,Motor Graders,Motor Graders,DES,,HVE,,,
GKH,Cambodia,390,Compaction Machines,Compaction Machines,DES,,,,,
GKH,Cambodia,410,Backhoe Loaders,Backhoe Loaders,DES,,,,,
GCA,Canada,300,Compact Excavators,CEX,OHR,,HVN,,,
GCA,Canada,310,GPE Crawler Excavators,GEC,OHR,,HVN,,,
GCA,Canada,320,GPE Wheel Excavators,GEW,OHR,,HVN,,,
GCA,Canada,330,Articulated Haulers,Articulated Haulers,OHR,,HVN,,,
GCA,Canada,340,Rigid Haulers,Rigid Haulers,OHR,,HVN,,,
GCA,Canada,350,Compact Wheel Loaders,350,OHR,,HVN,,,
GCA,Canada,360,GPE Wheel Loaders,WLO,OHR,,HVN,,,
GCA,Canada,380,Motor Graders,Motor Graders,OHR,,HVN,,,
GCA,Canada,390,Compaction Machines,Compaction Machines,ORR,,,,,
GCA,Canada,410,Backhoe Loaders,Backhoe Loaders,OHR,,,,,
GCL,Chile,300,Compact Excavators,CEX,CLF,,HVE,,,
GCL,Chile,310,GPE Crawler Excavators,GEC,CLF,,HVE,,,
GCL,Chile,320,GPE Wheel Excavators,GEW,CLF,,HVE,,,
GCL,Chile,330,Articulated Haulers,Articulated Haulers,CLF,,HVE,,,
GCL,Chile,340,Rigid Haulers,Rigid Haulers,CLF,,HVE,,,
GCL,Chile,350,Compact Wheel Loaders,350,CLF,,HVE,,,
GCL,Chile,360,GPE Wheel Loaders,WLO,CLF,,HVE,,,
GCL,Chile,380,Motor Graders,Motor Graders,CLF,,HVE,,,
GCL,Chile,390,Compaction Machines,Compaction Machines,CLF,,,,,
GCL,Chile,410,Backhoe Loaders,Backhoe Loaders,CLF,,,,,
GCN,China,300,Compact Excavators,CEX,OHR,,MAC,,,
GCN,China,310,GPE Crawler Excavators,GEC,OHR,,MAC,,,
GCN,China,320,GPE Wheel Excavators,GEW,OHR,,MAC,,,
GCN,China,330,Articulated Haulers,Articulated Haulers,OHR,,HVE,,,
GCN,China,340,Rigid Haulers,Rigid Haulers,OHR,,HVE,,,
GCN,China,350,Compact Wheel Loaders,350,OHR,,MAC,,,
GCN,China,360,GPE Wheel Loaders,WLO,OHR,,MAC,,,
GCN,China,380,Motor Graders,Motor Graders,OHR,,HVE,,,
GCN,China,390,Compaction Machines,Compaction Machines,CMM,,,,,
GCN,China,410,Backhoe Loaders,Backhoe Loaders,OHR,,,,,
GCO,Colombia,300,Compact Excavators,CEX,OHR,PIN,HVE,,,
GCO,Colombia,310,GPE Crawler Excavators,GEC,OHR,PIN,HVE,,,
GCO,Colombia,320,GPE Wheel Excavators,GEW,OHR,PIN,HVE,,,
GCO,Colombia,330,Articulated Haulers,Articulated Haulers,OHR,PIN,HVE,,,
GCO,Colombia,340,Rigid Haulers,Rigid Haulers,OHR,PIN,HVE,,,
GCO,Colombia,350,Compact Wheel Loaders,350,OHR,PIN,HVE,,,
GCO,Colombia,360,GPE Wheel Loaders,WLO,OHR,PIN,HVE,,,
GCO,Colombia,380,Motor Graders,Motor Graders,OHR,PIN,HVE,,,
GCO,Colombia,390,Compaction Machines,Compaction Machines,OHR,PIN,,,,
GCO,Colombia,410,Backhoe Loaders,Backhoe Loaders,OHR,PIN,,,,
GCZ,Czech Republic,300,Compact Excavators,CEX,OHR,,CEE,,,
GCZ,Czech Republic,310,GPE Crawler Excavators,GEC,OHR,,CEE,,,
GCZ,Czech Republic,320,GPE Wheel Excavators,GEW,OHR,,CEE,,,
GCZ,Czech Republic,330,Articulated Haulers,Articulated Haulers,OHR,,CEE,,,
GCZ,Czech Republic,340,Rigid Haulers,Rigid Haulers,OHR,,CEE,,,
GCZ,Czech Republic,350,Compact Wheel Loaders,350,OHR,,CEE,,,
GCZ,Czech Republic,360,GPE Wheel Loaders,WLO,OHR,,CEE,,,
GCZ,Czech Republic,380,Motor Graders,Motor Graders,OHR,,CEE,,,
GCZ,Czech Republic,390,Compaction Machines,Compaction Machines,,,,,,
GCZ,Czech Republic,410,Backhoe Loaders,Backhoe Loaders,OHR,,,,,
GDK,Denmark,300,Compact Excavators,CEX,OHR,,CEE,,,
GDK,Denmark,310,GPE Crawler Excavators,GEC,OHR,,CEE,,,
GDK,Denmark,320,GPE Wheel Excavators,GEW,OHR,,CEE,,,
GDK,Denmark,330,Articulated Haulers,Articulated Haulers,OHR,,CEE,,,
GDK,Denmark,340,Rigid Haulers,Rigid Haulers,OHR,,CEE,,,
GDK,Denmark,350,Compact Wheel Loaders,350,OHR,,CEE,,,
GDK,Denmark,360,GPE Wheel Loaders,WLO,OHR,,CEE,,,
GDK,Denmark,380,Motor Graders,Motor Graders,OHR,,CEE,,,
GDK,Denmark,390,Compaction Machines,Compaction Machines,,,,,,
GDK,Denmark,410,Backhoe Loaders,Backhoe Loaders,OHR,,,,,
GFI,Finland,300,Compact Excavators,CEX,OHR,,CEE,,,
GFI,Finland,310,GPE Crawler Excavators,GEC,OHR,,CEE,,,
GFI,Finland,320,GPE Wheel Excavators,GEW,OHR,,CEE,,,
GFI,Finland,330,Articulated Haulers,Articulated Haulers,OHR,,CEE,,,
GFI,Finland,340,Rigid Haulers,Rigid Haulers,OHR,,CEE,,,
GFI,Finland,350,Compact Wheel Loaders,350,OHR,,CEE,,,
GFI,Finland,360,GPE Wheel Loaders,WLO,OHR,,CEE,,,
GFI,Finland,380,Motor Graders,Motor Graders,OHR,,CEE,,,
GFI,Finland,390,Compaction Machines,Compaction Machines,,,,,,
GFI,Finland,410,Backhoe Loaders,Backhoe Loaders,OHR,,,,,
GFR,France,300,Compact Excavators,CEX,OHR,,HVE,,,
GFR,France,310,GPE Crawler Excavators,GEC,OHR,,CEE,,,
GFR,France,320,GPE Wheel Excavators,GEW,OHR,,CEE,,,
GFR,France,330,Articulated Haulers,Articulated Haulers,OHR,,CEE,,,
GFR,France,340,Rigid Haulers,Rigid Haulers,OHR,,CEE,,,
GFR,France,350,Compact Wheel Loaders,350,OHR,,CEE,,,
GFR,France,360,GPE Wheel Loaders,WLO,OHR,,CEE,,,
GFR,France,380,Motor Graders,Motor Graders,OHR,,CEE,,,
GFR,France,390,Compaction Machines,Compaction Machines,ORR,,,,,
GFR,France,410,Backhoe Loaders,Backhoe Loaders,OHR,,,,,
GDE,Germany,300,Compact Excavators,CEX,OHR,,CEE,,,
GDE,Germany,310,GPE Crawler Excavators,GEC,OHR,,CEE,,,
GDE,Germany,320,GPE Wheel Excavators,GEW,OHR,,CEE,,,
GDE,Germany,330,Articulated Haulers,Articulated Haulers,OHR,,CEE,,,
GDE,Germany,340,Rigid Haulers,Rigid Haulers,OHR,,CEE,,,
GDE,Germany,350,Compact Wheel Loaders,350,OHR,,CEE,,,
GDE,Germany,360,GPE Wheel Loaders,WLO,OHR,,CEE,,,
GDE,Germany,380,Motor Graders,Motor Graders,OHR,,CEE,,,
GDE,Germany,390,Compaction Machines,Compaction Machines,,,,,,
GDE,Germany,410,Backhoe Loaders,Backhoe Loaders,OHR,,,,,
GIN,India,300,Compact Excavators,CEX,OHR,,INA,,,
GIN,India,310,GPE Crawler Excavators,GEC,OHR,,INA,,,
GIN,India,320,GPE Wheel Excavators,GEW,OHR,,INA,,,
GIN,India,330,Articulated Haulers,Articulated Haulers,OHR,,INA,,,
GIN,India,340,Rigid Haulers,Rigid Haulers,OHR,,HVE,,,
GIN,India,350,Compact Wheel Loaders,350,OHR,,INA,,,
GIN,India,360,GPE Wheel Loaders,WLO,OHR,,INA,,,
GIN,India,380,Motor Graders,Motor Graders,OHR,,INA,,,
GIN,India,390,Compaction Machines,Compaction Machines,OHR,,,,,
GIN,India,410,Backhoe Loaders,Backhoe Loaders,OHR,,,,,
GID,Indonesia,300,Compact Excavators,CEX,DES,,HVE,,,
GID,Indonesia,310,GPE Crawler Excavators,GEC,DES,,HVE,,,
GID,Indonesia,320,GPE Wheel Excavators,GEW,DES,,HVE,,,
GID,Indonesia,330,Articulated Haulers,Articulated Haulers,DES,,HVE,,,
GID,Indonesia,340,Rigid Haulers,Rigid Haulers,DES,,HVE,,,
GID,Indonesia,350,Compact Wheel Loaders,350,DES,,HVE,,,
GID,Indonesia,360,GPE Wheel Loaders,WLO,DES,,HVE,,,
GID,Indonesia,380,Motor Graders,Motor Graders,DES,,HVE,,,
GID,Indonesia,390,Compaction Machines,Compaction Machines,DES,,,,,
GID,Indonesia,410,Backhoe Loaders,Backhoe Loaders,DES,,,,,
GIE,Ireland,300,Compact Excavators,CEX,OHR,,CEE,,,
GIE,Ireland,310,GPE Crawler Excavators,GEC,OHR,,CEE,,,
GIE,Ireland,320,GPE Wheel Excavators,GEW,OHR,,CEE,,,
GIE,Ireland,330,Articulated Haulers,Articulated Haulers,OHR,,CEE,,,
GIE,Ireland,340,Rigid Haulers,Rigid Haulers,OHR,,CEE,,,
GIE,Ireland,350,Compact Wheel Loaders,350,OHR,,CEE,,,
GIE,Ireland,360,GPE Wheel Loaders,WLO,OHR,,CEE,,,
GIE,Ireland,380,Motor Graders,Motor Graders,OHR,,CEE,,,
GIE,Ireland,390,Compaction Machines,Compaction Machines,,,,,,
GIE,Ireland,410,Backhoe Loaders,Backhoe Loaders,OHR,,,,,
GIT,Italy,300,Compact Excavators,CEX,OHR,,CEE,,,
GIT,Italy,310,GPE Crawler Excavators,GEC,OHR,,CEE,,,
GIT,Italy,320,GPE Wheel Excavators,GEW,OHR,,CEE,,,
GIT,Italy,330,Articulated Haulers,Articulated Haulers,OHR,,CEE,,,
GIT,Italy,340,Rigid Haulers,Rigid Haulers,OHR,,CEE,,,
GIT,Italy,350,Compact Wheel Loaders,350,OHR,,CEE,,,
GIT,Italy,360,GPE Wheel Loaders,WLO,OHR,,CEE,,,
GIT,Italy,380,Motor Graders,Motor Graders,OHR,,CEE,,,
GIT,Italy,390,Compaction Machines,Compaction Machines,ORR,,,,,
GIT,Italy,410,Backhoe Loaders,Backhoe Loaders,OHR,,,,,
GJP,Japan,330,Articulated Haulers,Articulated Haulers,OHR,OHR,HVE,,,
GJP,Japan,410,Backhoe Loaders,Backhoe Loaders,OHR,OHR,,,,
GJP,Japan,300,Compact Excavators,CEX,OHR,,HVE,,,
GJP,Japan,350,Compact Wheel Loaders,350,OHR,,HVE,,,
GJP,Japan,390,Compaction Machines,Compaction Machines,DES,,,,,
GJP,Japan,310,GPE Crawler Excavators,GEC,OHR,,HVE,,,
GJP,Japan,320,GPE Wheel Excavators,GEW,OHR,OHR,HVE,,,
GJP,Japan,360,GPE Wheel Loaders,WLO,OHR,,HVE,,,
GJP,Japan,380,Motor Graders,Motor Graders,OHR,,HVE,,,
GJP,Japan,340,Rigid Haulers,Rigid Haulers,OHR,,HVE,,,
GLA,Lao,300,Compact Excavators,CEX,DES,,HVE,,,
GLA,Lao,310,GPE Crawler Excavators,GEC,DES,,HVE,,,
GLA,Lao,320,GPE Wheel Excavators,GEW,DES,,HVE,,,
GLA,Lao,330,Articulated Haulers,Articulated Haulers,DES,,HVE,,,
GLA,Lao,350,Compact Wheel Loaders,350,DES,,HVE,,,
GLA,Lao,360,GPE Wheel Loaders,WLO,DES,,HVE,,,
GLA,Lao,380,Motor Graders,Motor Graders,DES,,HVE,,,
GLA,Lao,410,Backhoe Loaders,Backhoe Loaders,DES,,,,,
GLA,Lao,340,Rigid Haulers,Rigid Haulers,DES,,HVE,,,
GLA,Lao,390,Compaction Machines,Compaction Machines,,,,,,
GMY,Malaysia,330,Articulated Haulers,Articulated Haulers,DES,,HVE,,,
GMY,Malaysia,410,Backhoe Loaders,Backhoe Loaders,DES,,,,,
GMY,Malaysia,300,Compact Excavators,CEX,DES,,HVE,,,
GMY,Malaysia,350,Compact Wheel Loaders,350,DES,,HVE,,,
GMY,Malaysia,310,GPE Crawler Excavators,GEC,DES,,HVE,,,
GMY,Malaysia,320,GPE Wheel Excavators,GEW,DES,,HVE,,,
GMY,Malaysia,360,GPE Wheel Loaders,WLO,DES,,HVE,,,
GMY,Malaysia,380,Motor Graders,Motor Graders,DES,,HVE,,,
GMY,Malaysia,390,Compaction Machines,Compaction Machines,DES,,,,,
GMY,Malaysia,340,Rigid Haulers,Rigid Haulers,DES,,HVE,,,
GMX,Mexico,300,Compact Excavators,CEX,PIN,,HVE,,,
GMX,Mexico,310,GPE Crawler Excavators,GEC,PIN,,HVE,,,
GMX,Mexico,320,GPE Wheel Excavators,GEW,PIN,,HVE,,,
GMX,Mexico,330,Articulated Haulers,Articulated Haulers,PIN,,HVE,,,
GMX,Mexico,340,Rigid Haulers,Rigid Haulers,PIN,,HVE,,,
GMX,Mexico,350,Compact Wheel Loaders,350,PIN,,HVE,,,
GMX,Mexico,360,GPE Wheel Loaders,WLO,PIN,,HVE,,,
GMX,Mexico,380,Motor Graders,Motor Graders,PIN,,HVE,,,
GMX,Mexico,390,Compaction Machines,Compaction Machines,PIN,,,,,
GMX,Mexico,410,Backhoe Loaders,Backhoe Loaders,PIN,,,,,
GMM,Myanmar,330,Articulated Haulers,Articulated Haulers,DES,,HVE,,,
GMM,Myanmar,410,Backhoe Loaders,Backhoe Loaders,DES,,,,,
GMM,Myanmar,300,Compact Excavators,CEX,DES,,HVE,,,
GMM,Myanmar,350,Compact Wheel Loaders,350,DES,,HVE,,,
GMM,Myanmar,310,GPE Crawler Excavators,GEC,DES,,HVE,,,
GMM,Myanmar,320,GPE Wheel Excavators,GEW,DES,,HVE,,,
GMM,Myanmar,360,GPE Wheel Loaders,WLO,DES,,HVE,,,
GMM,Myanmar,380,Motor Graders,Motor Graders,DES,,HVE,,,
GMM,Myanmar,390,Compaction Machines,Compaction Machines,DES,,,,,
GMM,Myanmar,340,Rigid Haulers,Rigid Haulers,DES,,HVE,,,
GNL,Netherlands,300,Compact Excavators,CEX,OHR,,CEE,,,
GNL,Netherlands,310,GPE Crawler Excavators,GEC,OHR,,CEE,,,
GNL,Netherlands,320,GPE Wheel Excavators,GEW,OHR,,CEE,,,
GNL,Netherlands,330,Articulated Haulers,Articulated Haulers,OHR,,CEE,,,
GNL,Netherlands,340,Rigid Haulers,Rigid Haulers,OHR,,CEE,,,
GNL,Netherlands,350,Compact Wheel Loaders,350,OHR,,CEE,,,
GNL,Netherlands,360,GPE Wheel Loaders,WLO,OHR,,CEE,,,
GNL,Netherlands,380,Motor Graders,Motor Graders,OHR,,CEE,,,
GNL,Netherlands,390,Compaction Machines,Compaction Machines,,,,,,
GNL,Netherlands,410,Backhoe Loaders,Backhoe Loaders,OHR,,,,,
GNO,Norway,300,Compact Excavators,CEX,OHR,,CEE,,,
GNO,Norway,310,GPE Crawler Excavators,GEC,OHR,,CEE,,,
GNO,Norway,320,GPE Wheel Excavators,GEW,OHR,,CEE,,,
GNO,Norway,330,Articulated Haulers,Articulated Haulers,OHR,,CEE,,,
GNO,Norway,340,Rigid Haulers,Rigid Haulers,OHR,,CEE,,,
GNO,Norway,350,Compact Wheel Loaders,350,OHR,,CEE,,,
GNO,Norway,360,GPE Wheel Loaders,WLO,OHR,,CEE,,,
GNO,Norway,380,Motor Graders,Motor Graders,OHR,,CEE,,,
GNO,Norway,390,Compaction Machines,Compaction Machines,,,,,,
GNO,Norway,410,Backhoe Loaders,Backhoe Loaders,OHR,,,,,
GOM,Oman,300,Compact Excavators,CEX,DES,,HVE,,,
GOM,Oman,310,GPE Crawler Excavators,GEC,DES,,HVE,,,
GOM,Oman,320,GPE Wheel Excavators,GEW,DES,,HVE,,,
GOM,Oman,330,Articulated Haulers,Articulated Haulers,DES,,HVE,,,
GOM,Oman,340,Rigid Haulers,Rigid Haulers,DES,,HVE,,,
GOM,Oman,350,Compact Wheel Loaders,350,DES,,HVE,,,
GOM,Oman,360,GPE Wheel Loaders,WLO,DES,,HVE,,,
GOM,Oman,380,Motor Graders,Motor Graders,DES,,HVE,,,
GOM,Oman,390,Compaction Machines,Compaction Machines,DES,,,,,
GOM,Oman,410,Backhoe Loaders,Backhoe Loaders,DES,,,,,
GPK,Pakistan,300,Compact Excavators,CEX,PIN,,HVE,,,
GPE,Peru,300,Compact Excavators,CEX,OHR,PIN,HVE,,,
GPE,Peru,310,GPE Crawler Excavators,GEC,OHR,PIN,HVE,,,
GPE,Peru,320,GPE Wheel Excavators,GEW,OHR,PIN,HVE,,,
GPE,Peru,330,Articulated Haulers,Articulated Haulers,OHR,PIN,HVE,,,
GPE,Peru,340,Rigid Haulers,Rigid Haulers,OHR,PIN,HVE,,,
GPE,Peru,350,Compact Wheel Loaders,350,OHR,PIN,HVE,,,
GPE,Peru,360,GPE Wheel Loaders,WLO,OHR,PIN,HVE,,,
GPE,Peru,380,Motor Graders,Motor Graders,OHR,PIN,HVE,,,
GPE,Peru,390,Compaction Machines,Compaction Machines,PIN,PIN,,,,
GPE,Peru,410,Backhoe Loaders,Backhoe Loaders,OHR,PIN,,,,
GPH,Philippines,330,Articulated Haulers,Articulated Haulers,DES,,HVE,,,
GPH,Philippines,410,Backhoe Loaders,Backhoe Loaders,DES,,,,,
GPH,Philippines,300,Compact Excavators,CEX,DES,,HVE,,,
GPH,Philippines,350,Compact Wheel Loaders,350,DES,,HVE,,,
GPH,Philippines,310,GPE Crawler Excavators,GEC,DES,,HVE,,,
GPH,Philippines,320,GPE Wheel Excavators,GEW,DES,,HVE,,,
GPH,Philippines,360,GPE Wheel Loaders,WLO,DES,,HVE,,,
GPH,Philippines,380,Motor Graders,Motor Graders,DES,,HVE,,,
GPH,Philippines,390,Compaction Machines,Compaction Machines,DES,,,,,
GPH,Philippines,340,Rigid Haulers,Rigid Haulers,DES,,HVE,,,
GPL,Poland,300,Compact Excavators,CEX,OHR,,CEE,,,
GPL,Poland,310,GPE Crawler Excavators,GEC,OHR,,CEE,,,
GPL,Poland,320,GPE Wheel Excavators,GEW,OHR,,CEE,,,
GPL,Poland,330,Articulated Haulers,Articulated Haulers,OHR,,CEE,,,
GPL,Poland,340,Rigid Haulers,Rigid Haulers,OHR,,CEE,,,
GPL,Poland,350,Compact Wheel Loaders,350,OHR,,CEE,,,
GPL,Poland,360,GPE Wheel Loaders,WLO,OHR,,CEE,,,
GPL,Poland,380,Motor Graders,Motor Graders,OHR,,CEE,,,
GPL,Poland,390,Compaction Machines,Compaction Machines,,,,,,
GPL,Poland,410,Backhoe Loaders,Backhoe Loaders,OHR,,,,,
GPT,Portugal,300,Compact Excavators,CEX,OHR,,CEE,,,
GPT,Portugal,310,GPE Crawler Excavators,GEC,OHR,,CEE,,,
GPT,Portugal,320,GPE Wheel Excavators,GEW,OHR,,CEE,,,
GPT,Portugal,330,Articulated Haulers,Articulated Haulers,OHR,,CEE,,,
GPT,Portugal,340,Rigid Haulers,Rigid Haulers,OHR,,CEE,,,
GPT,Portugal,350,Compact Wheel Loaders,350,OHR,,CEE,,,
GPT,Portugal,360,GPE Wheel Loaders,WLO,OHR,,CEE,,,
GPT,Portugal,380,Motor Graders,Motor Graders,OHR,,CEE,,,
GPT,Portugal,390,Compaction Machines,Compaction Machines,,,,,,
GPT,Portugal,410,Backhoe Loaders,Backhoe Loaders,OHR,,,,,
GQA,Qatar,300,Compact Excavators,CEX,DES,,HVE,,,
GQA,Qatar,310,GPE Crawler Excavators,GEC,DES,,HVE,,,
GQA,Qatar,320,GPE Wheel Excavators,GEW,DES,,HVE,,,
GQA,Qatar,330,Articulated Haulers,Articulated Haulers,DES,,HVE,,,
GQA,Qatar,340,Rigid Haulers,Rigid Haulers,DES,,HVE,,,
GQA,Qatar,350,Compact Wheel Loaders,350,DES,,HVE,,,
GQA,Qatar,360,GPE Wheel Loaders,WLO,DES,,HVE,,,
GQA,Qatar,380,Motor Graders,Motor Graders,DES,,HVE,,,
GQA,Qatar,390,Compaction Machines,Compaction Machines,DES,,,,,
GQA,Qatar,410,Backhoe Loaders,Backhoe Loaders,DES,,,,,
GSA,Saudi Arabia,300,Compact Excavators,CEX,DES,,HVE,,,
GSA,Saudi Arabia,310,GPE Crawler Excavators,GEC,DES,,HVE,,,
GSA,Saudi Arabia,320,GPE Wheel Excavators,GEW,DES,,HVE,,,
GSA,Saudi Arabia,330,Articulated Haulers,Articulated Haulers,DES,,HVE,,,
GSA,Saudi Arabia,340,Rigid Haulers,Rigid Haulers,DES,,HVE,,,
GSA,Saudi Arabia,350,Compact Wheel Loaders,350,DES,,HVE,,,
GSA,Saudi Arabia,360,GPE Wheel Loaders,WLO,DES,,HVE,,,
GSA,Saudi Arabia,380,Motor Graders,Motor Graders,DES,,HVE,,,
GSA,Saudi Arabia,390,Compaction Machines,Compaction Machines,DES,,,,,
GSA,Saudi Arabia,410,Backhoe Loaders,Backhoe Loaders,DES,,,,,
GSG,Singapore,330,Articulated Haulers,Articulated Haulers,DES,,HVE,,,
GSG,Singapore,410,Backhoe Loaders,Backhoe Loaders,DES,,,,,
GSG,Singapore,300,Compact Excavators,CEX,DES,,HVE,,,
GSG,Singapore,350,Compact Wheel Loaders,350,DES,,HVE,,,
GSG,Singapore,390,Compaction Machines,Compaction Machines,DES,,,,,
GSG,Singapore,310,GPE Crawler Excavators,GEC,DES,,HVE,,,
GSG,Singapore,320,GPE Wheel Excavators,GEW,DES,,HVE,,,
GSG,Singapore,360,GPE Wheel Loaders,WLO,DES,,HVE,,,
GSG,Singapore,380,Motor Graders,Motor Graders,DES,,HVE,,,
GSG,Singapore,340,Rigid Haulers,Rigid Haulers,DES,,HVE,,,
GZA,South Africa,300,Compact Excavators,CEX,CMS,,HVE,,,
GZA,South Africa,310,GPE Crawler Excavators,GEC,CMS,,HVE,,,
GZA,South Africa,320,GPE Wheel Excavators,GEW,CMS,,HVE,,,
GZA,South Africa,330,Articulated Haulers,Articulated Haulers,CMS,,HVE,,,
GZA,South Africa,340,Rigid Haulers,Rigid Haulers,CMS,,HVE,,,
GZA,South Africa,350,Compact Wheel Loaders,350,CMS,,HVE,,,
GZA,South Africa,360,GPE Wheel Loaders,WLO,CMS,,HVE,,,
GZA,South Africa,380,Motor Graders,Motor Graders,CMS,,HVE,,,
GZA,South Africa,390,Compaction Machines,Compaction Machines,CMS,,,,,
GZA,South Africa,410,Backhoe Loaders,Backhoe Loaders,CMS,,,,,
GKR,South Korea,300,Compact Excavators,CEX,KRA,,MOL,,,
GKR,South Korea,310,GPE Crawler Excavators,GEC,KRA,,MOL,,,
GKR,South Korea,320,GPE Wheel Excavators,GEW,KRA,,MOL,,,
GKR,South Korea,330,Articulated Haulers,Articulated Haulers,KRA,,MOL,,,
GKR,South Korea,340,Rigid Haulers,Rigid Haulers,KRA,,MOL,,,
GKR,South Korea,350,Compact Wheel Loaders,350,KRA,,HVE,,,
GKR,South Korea,360,GPE Wheel Loaders,WLO,KRA,,MOL,,,
GKR,South Korea,380,Motor Graders,Motor Graders,KRA,,HVE,,,
GKR,South Korea,390,Compaction Machines,Compaction Machines,KRA,,,,,
GKR,South Korea,410,Backhoe Loaders,Backhoe Loaders,KRA,,,,,
GES,Spain,300,Compact Excavators,CEX,OHR,,CEE,,,
GES,Spain,310,GPE Crawler Excavators,GEC,OHR,,CEE,,,
GES,Spain,320,GPE Wheel Excavators,GEW,OHR,,CEE,,,
GES,Spain,330,Articulated Haulers,Articulated Haulers,OHR,,CEE,,,
GES,Spain,340,Rigid Haulers,Rigid Haulers,OHR,,CEE,,,
GES,Spain,350,Compact Wheel Loaders,350,OHR,,CEE,,,
GES,Spain,360,GPE Wheel Loaders,WLO,OHR,,CEE,,,
GES,Spain,380,Motor Graders,Motor Graders,OHR,,CEE,,,
GES,Spain,390,Compaction Machines,Compaction Machines,,,,,,
GES,Spain,410,Backhoe Loaders,Backhoe Loaders,OHR,,,,,
GSE,Sweden,300,Compact Excavators,CEX,OHR,,CEE,,,
GSE,Sweden,310,GPE Crawler Excavators,GEC,OHR,,CEE,,,
GSE,Sweden,320,GPE Wheel Excavators,GEW,OHR,,CEE,,,
GSE,Sweden,330,Articulated Haulers,Articulated Haulers,OHR,,CEE,,,
GSE,Sweden,340,Rigid Haulers,Rigid Haulers,OHR,,CEE,,,
GSE,Sweden,350,Compact Wheel Loaders,350,OHR,,CEE,,,
GSE,Sweden,360,GPE Wheel Loaders,WLO,OHR,,CEE,,,
GSE,Sweden,380,Motor Graders,Motor Graders,OHR,,CEE,,,
GSE,Sweden,390,Compaction Machines,Compaction Machines,,,,,,
GSE,Sweden,410,Backhoe Loaders,Backhoe Loaders,OHR,,,,,
GCH,Switzerland,300,Compact Excavators,CEX,OHR,,CEE,,,
GCH,Switzerland,310,GPE Crawler Excavators,GEC,OHR,,CEE,,,
GCH,Switzerland,320,GPE Wheel Excavators,GEW,OHR,,CEE,,,
GCH,Switzerland,330,Articulated Haulers,Articulated Haulers,OHR,,CEE,,,
GCH,Switzerland,340,Rigid Haulers,Rigid Haulers,OHR,,CEE,,,
GCH,Switzerland,350,Compact Wheel Loaders,350,OHR,,CEE,,,
GCH,Switzerland,360,GPE Wheel Loaders,WLO,OHR,,CEE,,,
GCH,Switzerland,380,Motor Graders,Motor Graders,OHR,,CEE,,,
GCH,Switzerland,390,Compaction Machines,Compaction Machines,,,,,,
GCH,Switzerland,410,Backhoe Loaders,Backhoe Loaders,OHR,,,,,
GTW,Taiwan,300,Compact Excavators,CEX,DES,,HVE,,,
GTW,Taiwan,310,GPE Crawler Excavators,GEC,DES,,HVE,,,
GTW,Taiwan,320,GPE Wheel Excavators,GEW,DES,,HVE,,,
GTW,Taiwan,330,Articulated Haulers,Articulated Haulers,DES,,HVE,,,
GTW,Taiwan,340,Rigid Haulers,Rigid Haulers,DES,,HVE,,,
GTW,Taiwan,350,Compact Wheel Loaders,350,DES,,HVE,,,
GTW,Taiwan,360,GPE Wheel Loaders,WLO,DES,,HVE,,,
GTW,Taiwan,380,Motor Graders,Motor Graders,DES,,HVE,,,
GTW,Taiwan,390,Compaction Machines,Compaction Machines,DES,,,,,
GTW,Taiwan,410,Backhoe Loaders,Backhoe Loaders,DES,,,,,
GTH,Thailand,300,Compact Excavators,CEX,DES,,HVE,,,
GTH,Thailand,310,GPE Crawler Excavators,GEC,DES,,HVE,,,
GTH,Thailand,320,GPE Wheel Excavators,GEW,DES,,HVE,,,
GTH,Thailand,330,Articulated Haulers,Articulated Haulers,DES,,HVE,,,
GTH,Thailand,350,Compact Wheel Loaders,350,DES,,HVE,,,
GTH,Thailand,360,GPE Wheel Loaders,WLO,DES,,HVE,,,
GTH,Thailand,380,Motor Graders,Motor Graders,DES,,HVE,,,
GTH,Thailand,410,Backhoe Loaders,Backhoe Loaders,DES,,,,,
GTH,Thailand,340,Rigid Haulers,Rigid Haulers,DES,,HVE,,,
GTH,Thailand,390,Compaction Machines,Compaction Machines,,,,,,
GTR,Turkey,300,Compact Excavators,CEX,DES,,HVE,,,
GTR,Turkey,310,GPE Crawler Excavators,GEC,DES,,HVE,,,
GTR,Turkey,320,GPE Wheel Excavators,GEW,DES,,HVE,,,
GTR,Turkey,330,Articulated Haulers,Articulated Haulers,DES,,HVE,,,
GTR,Turkey,340,Rigid Haulers,Rigid Haulers,DES,,HVE,,,
GTR,Turkey,350,Compact Wheel Loaders,350,DES,,HVE,,,
GTR,Turkey,360,GPE Wheel Loaders,WLO,DES,,HVE,,,
GTR,Turkey,380,Motor Graders,Motor Graders,DES,,HVE,,,
GTR,Turkey,390,Compaction Machines,Compaction Machines,DES,,,,,
GTR,Turkey,410,Backhoe Loaders,Backhoe Loaders,DES,,,,,
GAE,UAE,300,Compact Excavators,CEX,DES,,HVE,,,
GAE,UAE,310,GPE Crawler Excavators,GEC,DES,,HVE,,,
GAE,UAE,320,GPE Wheel Excavators,GEW,DES,,HVE,,,
GAE,UAE,330,Articulated Haulers,Articulated Haulers,DES,,HVE,,,
GAE,UAE,340,Rigid Haulers,Rigid Haulers,DES,,HVE,,,
GAE,UAE,350,Compact Wheel Loaders,350,DES,,HVE,,,
GAE,UAE,360,GPE Wheel Loaders,WLO,DES,,HVE,,,
GAE,UAE,380,Motor Graders,Motor Graders,DES,,HVE,,,
GAE,UAE,390,Compaction Machines,Compaction Machines,DES,,,,,
GAE,UAE,410,Backhoe Loaders,Backhoe Loaders,DES,,,,,
GUK,United Kingdom,300,Compact Excavators,CEX,OHR,,CEE,,,
GUK,United Kingdom,310,GPE Crawler Excavators,GEC,OHR,,CEE,,,
GUK,United Kingdom,320,GPE Wheel Excavators,GEW,OHR,,CEE,,,
GUK,United Kingdom,330,Articulated Haulers,Articulated Haulers,OHR,,CEE,,,
GUK,United Kingdom,340,Rigid Haulers,Rigid Haulers,OHR,,CEE,,,
GUK,United Kingdom,350,Compact Wheel Loaders,350,OHR,,CEE,,,
GUK,United Kingdom,360,GPE Wheel Loaders,WLO,OHR,,CEE,,,
GUK,United Kingdom,380,Motor Graders,Motor Graders,OHR,,CEE,,,
GUK,United Kingdom,390,Compaction Machines,Compaction Machines,,,,,,
GUK,United Kingdom,410,Backhoe Loaders,Backhoe Loaders,OHR,,,,,
GUS,United States,300,Compact Excavators,CEX,OHR,,HVN,,,
GUS,United States,310,GPE Crawler Excavators,GEC,OHR,,HVN,,,
GUS,United States,320,GPE Wheel Excavators,GEW,OHR,,HVN,,,
GUS,United States,330,Articulated Haulers,Articulated Haulers,OHR,,HVN,,,
GUS,United States,340,Rigid Haulers,Rigid Haulers,OHR,,HVN,,,
GUS,United States,350,Compact Wheel Loaders,350,OHR,,HVN,,,
GUS,United States,360,GPE Wheel Loaders,WLO,OHR,,HVN,,,
GUS,United States,380,Motor Graders,Motor Graders,OHR,,HVN,,,
GUS,United States,390,Compaction Machines,Compaction Machines,ORR,,,,,
GUS,United States,410,Backhoe Loaders,Backhoe Loaders,OHR,,,,,
GVN,VietNam,330,Articulated Haulers,Articulated Haulers,DES,,HVE,,,
GVN,VietNam,410,Backhoe Loaders,Backhoe Loaders,DES,,,,,
GVN,VietNam,300,Compact Excavators,CEX,DES,,HVE,,,
GVN,VietNam,350,Compact Wheel Loaders,350,DES,,HVE,,,
GVN,VietNam,310,GPE Crawler Excavators,GEC,DES,,HVE,,,
GVN,VietNam,320,GPE Wheel Excavators,GEW,DES,,HVE,,,
GVN,VietNam,360,GPE Wheel Loaders,WLO,DES,,HVE,,,
GVN,VietNam,380,Motor Graders,Motor Graders,DES,,HVE,,,
GVN,VietNam,390,Compaction Machines,Compaction Machines,DES,,,,,
GVN,VietNam,340,Rigid Haulers,Rigid Haulers,DES,,HVE,,,
